email,domain,verified,first_seen,last_seen,risk_score
mmoore5188@yahoo.com,yahoo.com,True,2026-04-20T00:00:00Z,2028-10-19T00:00:00Z,0
sarahhill8131@protonmail.com,protonmail.com,True,2024-04-22T00:00:00Z,2027-12-12T00:00:00Z,0
brandon542814@gmail.com,gmail.com,True,2024-04-04T00:00:00Z,2026-03-23T00:00:00Z,0
clarkeleah691@protonmail.com,protonmail.com,True,2023-01-27T00:00:00Z,2024-11-10T00:00:00Z,0
mary517075@yahoo.com,yahoo.com,True,2024-09-19T00:00:00Z,2026-04-02T00:00:00Z,0
michael923766@yahoo.com,yahoo.com,False,2025-09-26T00:00:00Z,2027-02-17T00:00:00Z,0
brandon583644@gmail.com,gmail.com,True,2023-02-16T00:00:00Z,2025-11-11T00:00:00Z,0
jonescody7097@protonmail.com,protonmail.com,True,2023-11-02T00:00:00Z,2024-07-18T00:00:00Z,0
george858279@protonmail.com,protonmail.com,True,2023-09-27T00:00:00Z,2023-09-28T00:00:00Z,0
ustevens6675@outlook.com,outlook.com,True,2025-06-01T00:00:00Z,2026-01-16T00:00:00Z,0
jonathan749958@outlook.com,outlook.com,True,2022-10-22T00:00:00Z,2025-10-17T00:00:00Z,0
fgallagher9368@yahoo.com,yahoo.com,True,2022-09-09T00:00:00Z,2025-01-22T00:00:00Z,0
yblake9431@gmail.com,gmail.com,True,2026-05-07T00:00:00Z,2030-02-06T00:00:00Z,0
neil015236@hotmail.com,hotmail.com,True,2023-01-21T00:00:00Z,2025-07-05T00:00:00Z,0
wgalvan6917@outlook.com,outlook.com,True,2023-01-20T00:00:00Z,2025-06-06T00:00:00Z,0
mooretina5623@gmail.com,gmail.com,False,2023-06-12T00:00:00Z,2027-04-10T00:00:00Z,0
josephchristopher1795@protonmail.com,protonmail.com,True,2025-07-17T00:00:00Z,2027-08-29T00:00:00Z,0
travisreed4435@yahoo.com,yahoo.com,True,2025-10-23T00:00:00Z,2027-09-17T00:00:00Z,0
patrick448955@gmail.com,gmail.com,True,2025-05-15T00:00:00Z,2026-04-11T00:00:00Z,0
vharrington6694@protonmail.com,protonmail.com,True,2022-12-14T00:00:00Z,2025-09-25T00:00:00Z,0
alvaradojohn9252@outlook.com,outlook.com,True,2023-05-07T00:00:00Z,2023-12-31T00:00:00Z,0
nicholasboyd3264@hotmail.com,hotmail.com,True,2023-07-06T00:00:00Z,2026-06-05T00:00:00Z,0
sharpkendra8097@outlook.com,outlook.com,True,2024-10-17T00:00:00Z,2024-11-24T00:00:00Z,0
sarahhensley7561@protonmail.com,protonmail.com,False,2023-12-13T00:00:00Z,2025-02-11T00:00:00Z,0
gabrielle196004@gmail.com,gmail.com,True,2024-04-09T00:00:00Z,2026-10-03T00:00:00Z,0
shepherdkelly9563@outlook.com,outlook.com,True,2023-04-26T00:00:00Z,2027-01-23T00:00:00Z,0
johnsongordon8114@hotmail.com,hotmail.com,True,2023-07-23T00:00:00Z,2024-07-09T00:00:00Z,0
troy441956@outlook.com,outlook.com,True,2025-10-30T00:00:00Z,2025-11-03T00:00:00Z,0
michellelee5603@hotmail.com,hotmail.com,True,2024-03-20T00:00:00Z,2025-12-23T00:00:00Z,0
jamestaylor1994@gmail.com,gmail.com,True,2022-12-20T00:00:00Z,2025-12-29T00:00:00Z,0
awillis4821@yahoo.com,yahoo.com,True,2022-11-08T00:00:00Z,2025-10-07T00:00:00Z,0
wandahernandez4690@hotmail.com,hotmail.com,True,2024-11-20T00:00:00Z,2027-01-13T00:00:00Z,0
lawrencehorn4148@gmail.com,gmail.com,True,2023-07-24T00:00:00Z,2024-06-08T00:00:00Z,0
shawmatthew7338@yahoo.com,yahoo.com,True,2026-04-24T00:00:00Z,2029-03-03T00:00:00Z,0
dustin067664@gmail.com,gmail.com,True,2024-11-04T00:00:00Z,2026-07-04T00:00:00Z,0
sandra442397@protonmail.com,protonmail.com,False,2024-07-01T00:00:00Z,2024-08-05T00:00:00Z,0
fjohnson6297@outlook.com,outlook.com,True,2026-03-16T00:00:00Z,2029-11-25T00:00:00Z,0
nancy809306@gmail.com,gmail.com,True,2025-04-22T00:00:00Z,2026-12-08T00:00:00Z,0
patricia575423@outlook.com,outlook.com,True,2025-12-08T00:00:00Z,2027-09-22T00:00:00Z,0
fowlereric2042@yahoo.com,yahoo.com,False,2025-09-04T00:00:00Z,2029-04-09T00:00:00Z,0
phillipssean8304@hotmail.com,hotmail.com,True,2024-06-30T00:00:00Z,2025-06-10T00:00:00Z,0
aaron979833@hotmail.com,hotmail.com,True,2023-09-16T00:00:00Z,2024-04-19T00:00:00Z,0
roycrystal9201@hotmail.com,hotmail.com,True,2025-03-30T00:00:00Z,2028-07-15T00:00:00Z,0
william132786@hotmail.com,hotmail.com,True,2022-05-27T00:00:00Z,2025-08-04T00:00:00Z,0
deborahchase4762@yahoo.com,yahoo.com,True,2024-03-22T00:00:00Z,2027-11-09T00:00:00Z,0
ronaldthornton3568@gmail.com,gmail.com,True,2022-10-24T00:00:00Z,2024-10-18T00:00:00Z,0
ortegamichael9661@gmail.com,gmail.com,False,2026-03-01T00:00:00Z,2029-01-12T00:00:00Z,0
janderson2571@hotmail.com,hotmail.com,True,2026-03-07T00:00:00Z,2026-05-08T00:00:00Z,0
jholland4494@gmail.com,gmail.com,True,2022-07-05T00:00:00Z,2025-05-31T00:00:00Z,0
sandrastokes7183@gmail.com,gmail.com,True,2024-06-02T00:00:00Z,2026-04-13T00:00:00Z,0
jaredtrujillo6764@protonmail.com,protonmail.com,True,2023-06-18T00:00:00Z,2025-03-24T00:00:00Z,0
ghaney6823@outlook.com,outlook.com,True,2022-10-16T00:00:00Z,2023-06-03T00:00:00Z,0
simonaustin1532@hotmail.com,hotmail.com,False,2026-02-17T00:00:00Z,2028-08-03T00:00:00Z,0
jonathansullivan7391@outlook.com,outlook.com,True,2024-09-14T00:00:00Z,2027-11-22T00:00:00Z,0
patriciamorris6101@gmail.com,gmail.com,True,2026-01-08T00:00:00Z,2027-05-20T00:00:00Z,0
michaeljohnson3698@gmail.com,gmail.com,True,2023-03-23T00:00:00Z,2025-04-07T00:00:00Z,0
dscott7207@yahoo.com,yahoo.com,True,2023-12-09T00:00:00Z,2025-09-06T00:00:00Z,0
savannah839412@protonmail.com,protonmail.com,True,2024-12-14T00:00:00Z,2026-03-07T00:00:00Z,0
claudiagutierrez8719@protonmail.com,protonmail.com,True,2025-02-21T00:00:00Z,2025-09-06T00:00:00Z,0
martinrachel2631@protonmail.com,protonmail.com,True,2023-12-29T00:00:00Z,2024-04-15T00:00:00Z,0
caitlinramirez4268@outlook.com,outlook.com,True,2022-09-29T00:00:00Z,2025-06-08T00:00:00Z,0
xwalters3779@hotmail.com,hotmail.com,True,2024-02-13T00:00:00Z,2025-05-05T00:00:00Z,0
qwatkins6723@gmail.com,gmail.com,True,2026-03-17T00:00:00Z,2029-10-09T00:00:00Z,0
umcdonald3697@protonmail.com,protonmail.com,True,2024-04-11T00:00:00Z,2026-09-08T00:00:00Z,0
john847460@yahoo.com,yahoo.com,True,2024-12-22T00:00:00Z,2027-03-13T00:00:00Z,0
jacqueline47785@protonmail.com,protonmail.com,False,2023-09-10T00:00:00Z,2024-06-12T00:00:00Z,0
coxjoseph8610@yahoo.com,yahoo.com,False,2023-03-21T00:00:00Z,2025-01-20T00:00:00Z,0
dawn519318@outlook.com,outlook.com,True,2026-02-09T00:00:00Z,2028-04-27T00:00:00Z,0
martinedward3515@outlook.com,outlook.com,True,2023-03-24T00:00:00Z,2024-01-21T00:00:00Z,0
alexandra33963@yahoo.com,yahoo.com,True,2025-01-17T00:00:00Z,2025-09-11T00:00:00Z,0
lbell2240@protonmail.com,protonmail.com,True,2024-05-10T00:00:00Z,2027-09-05T00:00:00Z,0
peterjohnson8215@gmail.com,gmail.com,True,2024-11-29T00:00:00Z,2027-04-13T00:00:00Z,0
andrew968378@gmail.com,gmail.com,False,2025-10-08T00:00:00Z,2027-02-24T00:00:00Z,0
brett59295@yahoo.com,yahoo.com,True,2024-03-21T00:00:00Z,2025-07-23T00:00:00Z,0
kimmallory2044@yahoo.com,yahoo.com,True,2025-12-30T00:00:00Z,2028-07-20T00:00:00Z,0
palmermark1269@gmail.com,gmail.com,False,2023-03-20T00:00:00Z,2024-06-01T00:00:00Z,0
alanfoster4287@yahoo.com,yahoo.com,False,2023-02-14T00:00:00Z,2026-09-24T00:00:00Z,0
tamara369486@hotmail.com,hotmail.com,True,2023-01-22T00:00:00Z,2023-02-07T00:00:00Z,0
timothymcneil5369@yahoo.com,yahoo.com,False,2024-02-13T00:00:00Z,2024-05-04T00:00:00Z,0
vaughanalan7783@protonmail.com,protonmail.com,True,2022-11-06T00:00:00Z,2024-06-16T00:00:00Z,0
alvarezalejandra9728@yahoo.com,yahoo.com,True,2025-10-16T00:00:00Z,2029-06-27T00:00:00Z,0
bakerchristine9325@yahoo.com,yahoo.com,True,2023-06-06T00:00:00Z,2025-05-22T00:00:00Z,0
zrogers8185@gmail.com,gmail.com,True,2025-10-27T00:00:00Z,2029-03-24T00:00:00Z,0
nicoleparsons2987@outlook.com,outlook.com,True,2023-11-26T00:00:00Z,2026-12-16T00:00:00Z,0
morgandarlene5922@hotmail.com,hotmail.com,True,2025-09-20T00:00:00Z,2027-01-26T00:00:00Z,0
eric731730@yahoo.com,yahoo.com,True,2023-12-29T00:00:00Z,2027-08-30T00:00:00Z,0
jonesmark9448@protonmail.com,protonmail.com,True,2024-05-03T00:00:00Z,2027-03-21T00:00:00Z,0
fwalters8041@outlook.com,outlook.com,True,2024-02-08T00:00:00Z,2025-03-25T00:00:00Z,0
daniellewhite9964@outlook.com,outlook.com,True,2025-08-08T00:00:00Z,2028-12-10T00:00:00Z,0
brooke794295@outlook.com,outlook.com,True,2023-08-18T00:00:00Z,2026-07-18T00:00:00Z,0
erinavila1219@outlook.com,outlook.com,True,2024-03-08T00:00:00Z,2027-08-21T00:00:00Z,0
markmoreno9207@gmail.com,gmail.com,True,2023-02-26T00:00:00Z,2024-06-18T00:00:00Z,0
morenorenee5640@protonmail.com,protonmail.com,True,2025-08-05T00:00:00Z,2026-11-14T00:00:00Z,0
jeffreyavila2752@gmail.com,gmail.com,True,2024-05-18T00:00:00Z,2025-11-24T00:00:00Z,0
ihall4670@outlook.com,outlook.com,True,2022-12-15T00:00:00Z,2025-11-13T00:00:00Z,0
clester4480@protonmail.com,protonmail.com,True,2024-07-27T00:00:00Z,2025-10-04T00:00:00Z,0
donna636531@protonmail.com,protonmail.com,False,2024-12-06T00:00:00Z,2025-02-03T00:00:00Z,0
cooperscott3082@gmail.com,gmail.com,False,2024-03-30T00:00:00Z,2027-04-25T00:00:00Z,0
ashleygrimes5342@hotmail.com,hotmail.com,True,2022-05-24T00:00:00Z,2024-02-15T00:00:00Z,0
melaniechen4145@protonmail.com,protonmail.com,True,2025-10-27T00:00:00Z,2027-01-11T00:00:00Z,0
david781571@outlook.com,outlook.com,True,2024-12-24T00:00:00Z,2028-03-22T00:00:00Z,0
rickyperez6048@hotmail.com,hotmail.com,True,2023-10-10T00:00:00Z,2025-03-20T00:00:00Z,0
jesse805082@hotmail.com,hotmail.com,True,2022-06-19T00:00:00Z,2024-05-24T00:00:00Z,0
daniel789530@yahoo.com,yahoo.com,True,2023-09-06T00:00:00Z,2027-03-09T00:00:00Z,0
david205124@hotmail.com,hotmail.com,True,2024-01-16T00:00:00Z,2025-09-02T00:00:00Z,0
adrienne144342@gmail.com,gmail.com,True,2024-12-17T00:00:00Z,2027-05-12T00:00:00Z,0
olozano564@protonmail.com,protonmail.com,True,2024-06-02T00:00:00Z,2025-08-22T00:00:00Z,0
matthewskimberly6947@yahoo.com,yahoo.com,True,2024-09-29T00:00:00Z,2024-12-08T00:00:00Z,0
albertgarner9478@outlook.com,outlook.com,True,2025-05-03T00:00:00Z,2025-05-21T00:00:00Z,0
pdean8423@protonmail.com,protonmail.com,True,2024-06-26T00:00:00Z,2027-05-31T00:00:00Z,0
sbrady6341@hotmail.com,hotmail.com,True,2025-08-23T00:00:00Z,2027-02-10T00:00:00Z,0
ndavis6281@outlook.com,outlook.com,True,2025-08-26T00:00:00Z,2026-08-04T00:00:00Z,0
donnaglenn331@hotmail.com,hotmail.com,True,2026-05-11T00:00:00Z,2026-12-30T00:00:00Z,0
nguyenchelsea1839@gmail.com,gmail.com,True,2024-06-17T00:00:00Z,2028-04-06T00:00:00Z,0
erikadiaz8449@protonmail.com,protonmail.com,True,2024-02-13T00:00:00Z,2025-04-28T00:00:00Z,0
jbailey7233@hotmail.com,hotmail.com,True,2023-11-12T00:00:00Z,2023-12-08T00:00:00Z,0
denniskayla1842@protonmail.com,protonmail.com,True,2022-09-25T00:00:00Z,2025-09-14T00:00:00Z,0
riverapatricia9680@protonmail.com,protonmail.com,True,2022-12-12T00:00:00Z,2025-07-05T00:00:00Z,0
wlee230@protonmail.com,protonmail.com,False,2024-12-12T00:00:00Z,2024-12-24T00:00:00Z,0
rwilliams4152@yahoo.com,yahoo.com,True,2025-02-09T00:00:00Z,2027-07-02T00:00:00Z,0
martinveronica3739@hotmail.com,hotmail.com,True,2023-04-06T00:00:00Z,2023-04-13T00:00:00Z,0
keithchan7852@yahoo.com,yahoo.com,True,2022-10-17T00:00:00Z,2023-06-19T00:00:00Z,0
joann958646@outlook.com,outlook.com,True,2025-03-10T00:00:00Z,2028-10-10T00:00:00Z,0
floresdaniel4787@yahoo.com,yahoo.com,True,2025-06-19T00:00:00Z,2026-06-19T00:00:00Z,0
pscott5626@outlook.com,outlook.com,True,2022-09-02T00:00:00Z,2023-08-19T00:00:00Z,0
melissa479965@hotmail.com,hotmail.com,True,2023-05-12T00:00:00Z,2025-09-17T00:00:00Z,0
sarahhowe4970@yahoo.com,yahoo.com,True,2026-02-16T00:00:00Z,2026-07-20T00:00:00Z,0
caitlintaylor9586@outlook.com,outlook.com,True,2024-03-23T00:00:00Z,2024-09-23T00:00:00Z,0
smithchristopher721@outlook.com,outlook.com,True,2022-09-17T00:00:00Z,2026-02-08T00:00:00Z,0
robertmitchell3678@hotmail.com,hotmail.com,True,2022-09-10T00:00:00Z,2023-06-25T00:00:00Z,0
nwilliams3678@protonmail.com,protonmail.com,True,2024-11-15T00:00:00Z,2024-11-17T00:00:00Z,0
kpetersen8425@yahoo.com,yahoo.com,True,2024-05-16T00:00:00Z,2025-04-29T00:00:00Z,0
meganchavez6887@protonmail.com,protonmail.com,True,2025-02-18T00:00:00Z,2026-07-01T00:00:00Z,0
sandersjoshua3408@gmail.com,gmail.com,True,2022-09-03T00:00:00Z,2024-07-11T00:00:00Z,0
nathan33981@hotmail.com,hotmail.com,True,2024-07-21T00:00:00Z,2027-05-26T00:00:00Z,0
ubates4012@protonmail.com,protonmail.com,True,2023-10-21T00:00:00Z,2025-05-26T00:00:00Z,0
valeriechristensen3623@hotmail.com,hotmail.com,True,2024-05-01T00:00:00Z,2027-11-27T00:00:00Z,0
mcmillanmichael9306@outlook.com,outlook.com,True,2023-10-28T00:00:00Z,2026-07-08T00:00:00Z,0
christopherwatson2457@protonmail.com,protonmail.com,True,2022-09-15T00:00:00Z,2023-07-12T00:00:00Z,0
wjohnson8991@yahoo.com,yahoo.com,True,2022-06-25T00:00:00Z,2022-10-24T00:00:00Z,0
sarah739683@gmail.com,gmail.com,True,2025-03-07T00:00:00Z,2028-02-29T00:00:00Z,0
taylorwilliams6238@yahoo.com,yahoo.com,True,2024-10-24T00:00:00Z,2025-03-11T00:00:00Z,0
tchandler7627@hotmail.com,hotmail.com,True,2023-09-14T00:00:00Z,2026-03-19T00:00:00Z,0
stephanie042847@yahoo.com,yahoo.com,True,2026-04-22T00:00:00Z,2028-07-23T00:00:00Z,0
barbaracollins7934@outlook.com,outlook.com,True,2025-08-22T00:00:00Z,2028-11-24T00:00:00Z,0
kaylaschaefer2808@yahoo.com,yahoo.com,True,2024-11-15T00:00:00Z,2028-08-31T00:00:00Z,0
greenscott3613@gmail.com,gmail.com,True,2022-12-26T00:00:00Z,2026-07-03T00:00:00Z,0
pereznathan8459@protonmail.com,protonmail.com,True,2024-12-23T00:00:00Z,2026-12-07T00:00:00Z,0
ashley245028@hotmail.com,hotmail.com,True,2025-09-13T00:00:00Z,2027-10-30T00:00:00Z,0
diazmichael211@gmail.com,gmail.com,True,2025-11-18T00:00:00Z,2028-03-09T00:00:00Z,0
richardgreene5265@gmail.com,gmail.com,True,2024-08-15T00:00:00Z,2025-11-06T00:00:00Z,0
matthewmccarthy4928@outlook.com,outlook.com,True,2025-04-17T00:00:00Z,2028-08-22T00:00:00Z,0
jeremy027755@outlook.com,outlook.com,True,2023-09-01T00:00:00Z,2025-12-12T00:00:00Z,0
hgonzalez4208@yahoo.com,yahoo.com,True,2024-03-22T00:00:00Z,2024-09-05T00:00:00Z,0
christine763151@gmail.com,gmail.com,True,2024-05-28T00:00:00Z,2024-06-09T00:00:00Z,0
rachael56229@hotmail.com,hotmail.com,True,2025-11-03T00:00:00Z,2028-02-09T00:00:00Z,0
cookmichael926@outlook.com,outlook.com,True,2025-03-03T00:00:00Z,2025-08-15T00:00:00Z,0
denise527762@gmail.com,gmail.com,False,2025-11-12T00:00:00Z,2028-09-10T00:00:00Z,0
mharmon1215@outlook.com,outlook.com,True,2024-01-20T00:00:00Z,2026-02-03T00:00:00Z,0
johnwolf5759@gmail.com,gmail.com,True,2024-05-21T00:00:00Z,2026-02-19T00:00:00Z,0
shermanpeter9051@hotmail.com,hotmail.com,True,2025-01-17T00:00:00Z,2027-04-21T00:00:00Z,0
jenniferhill7764@gmail.com,gmail.com,True,2026-05-08T00:00:00Z,2027-06-25T00:00:00Z,0
jessica523065@outlook.com,outlook.com,True,2025-12-19T00:00:00Z,2028-01-22T00:00:00Z,0
grahameric8623@hotmail.com,hotmail.com,True,2024-03-03T00:00:00Z,2026-10-25T00:00:00Z,0
dburke4585@outlook.com,outlook.com,True,2023-10-14T00:00:00Z,2025-12-29T00:00:00Z,0
franciscovalencia4984@outlook.com,outlook.com,True,2026-03-11T00:00:00Z,2028-10-30T00:00:00Z,0
silvatiffany986@protonmail.com,protonmail.com,True,2025-05-17T00:00:00Z,2027-08-17T00:00:00Z,0
jessicapatterson9365@gmail.com,gmail.com,False,2023-05-23T00:00:00Z,2026-05-18T00:00:00Z,0
bgarcia9629@yahoo.com,yahoo.com,True,2024-05-13T00:00:00Z,2024-10-04T00:00:00Z,0
mcculloughandrea1328@hotmail.com,hotmail.com,True,2022-07-03T00:00:00Z,2025-04-19T00:00:00Z,0
byrdrichard7634@yahoo.com,yahoo.com,True,2023-09-26T00:00:00Z,2025-12-06T00:00:00Z,0
jonathanwebb1356@outlook.com,outlook.com,True,2023-11-23T00:00:00Z,2027-08-28T00:00:00Z,0
brownalexander4916@gmail.com,gmail.com,True,2026-02-05T00:00:00Z,2029-05-05T00:00:00Z,0
smithlinda2243@outlook.com,outlook.com,True,2022-08-31T00:00:00Z,2025-08-24T00:00:00Z,0
ryan737204@outlook.com,outlook.com,False,2026-01-13T00:00:00Z,2027-07-08T00:00:00Z,0
hbailey368@gmail.com,gmail.com,True,2025-02-04T00:00:00Z,2026-09-22T00:00:00Z,0
nunezmichael6299@yahoo.com,yahoo.com,True,2024-05-10T00:00:00Z,2025-12-19T00:00:00Z,0
cwalker7527@outlook.com,outlook.com,True,2023-06-02T00:00:00Z,2025-08-21T00:00:00Z,0
kellythomas4435@outlook.com,outlook.com,True,2025-07-19T00:00:00Z,2027-12-19T00:00:00Z,0
tsmith5324@gmail.com,gmail.com,True,2024-03-22T00:00:00Z,2026-04-17T00:00:00Z,0
amanda653971@protonmail.com,protonmail.com,True,2025-03-03T00:00:00Z,2025-12-04T00:00:00Z,0
johnsonmary2989@gmail.com,gmail.com,True,2026-02-07T00:00:00Z,2028-08-30T00:00:00Z,0
dana209797@outlook.com,outlook.com,False,2024-04-20T00:00:00Z,2025-07-01T00:00:00Z,0
mooremackenzie142@outlook.com,outlook.com,True,2025-08-18T00:00:00Z,2026-06-21T00:00:00Z,0
andreaross3362@hotmail.com,hotmail.com,True,2022-11-06T00:00:00Z,2024-11-02T00:00:00Z,0
joshua798684@outlook.com,outlook.com,True,2022-06-26T00:00:00Z,2023-01-21T00:00:00Z,0
dewing9688@hotmail.com,hotmail.com,True,2023-07-03T00:00:00Z,2027-03-14T00:00:00Z,0
rickey305906@hotmail.com,hotmail.com,True,2025-03-12T00:00:00Z,2026-10-14T00:00:00Z,0
oshaw5667@outlook.com,outlook.com,False,2022-08-31T00:00:00Z,2024-01-21T00:00:00Z,0
edwardsjared9027@yahoo.com,yahoo.com,True,2025-01-04T00:00:00Z,2026-09-06T00:00:00Z,0
uwalker6395@protonmail.com,protonmail.com,True,2025-07-09T00:00:00Z,2027-10-10T00:00:00Z,0
martinezchristine7680@outlook.com,outlook.com,True,2022-12-12T00:00:00Z,2026-10-04T00:00:00Z,0
nicolasthompson3790@gmail.com,gmail.com,True,2024-01-04T00:00:00Z,2025-02-23T00:00:00Z,0
daniel894582@outlook.com,outlook.com,True,2024-01-30T00:00:00Z,2027-09-24T00:00:00Z,0
carol423701@gmail.com,gmail.com,True,2024-11-11T00:00:00Z,2025-07-04T00:00:00Z,0
spencerramirez8055@hotmail.com,hotmail.com,True,2022-11-25T00:00:00Z,2023-08-10T00:00:00Z,0
xwerner7916@protonmail.com,protonmail.com,True,2023-12-09T00:00:00Z,2024-07-20T00:00:00Z,0
yfrazier8385@outlook.com,outlook.com,True,2024-10-04T00:00:00Z,2027-08-01T00:00:00Z,0
chase867128@outlook.com,outlook.com,True,2023-01-04T00:00:00Z,2026-08-02T00:00:00Z,0
alvarezandrew8114@hotmail.com,hotmail.com,True,2022-10-04T00:00:00Z,2024-03-07T00:00:00Z,0
jonathan545928@yahoo.com,yahoo.com,True,2025-01-03T00:00:00Z,2025-10-08T00:00:00Z,0
zhayes4177@hotmail.com,hotmail.com,True,2024-02-11T00:00:00Z,2025-02-05T00:00:00Z,0
pwalker4881@yahoo.com,yahoo.com,False,2025-09-22T00:00:00Z,2028-01-20T00:00:00Z,0
olsonkimberly7470@protonmail.com,protonmail.com,True,2026-03-07T00:00:00Z,2026-05-11T00:00:00Z,0
johnsonsarah3056@outlook.com,outlook.com,True,2026-05-13T00:00:00Z,2029-10-01T00:00:00Z,0
jasondillon5910@protonmail.com,protonmail.com,True,2025-07-16T00:00:00Z,2026-11-24T00:00:00Z,0
hallleon959@yahoo.com,yahoo.com,True,2026-04-20T00:00:00Z,2028-02-03T00:00:00Z,0
tinagibson1110@yahoo.com,yahoo.com,True,2026-02-23T00:00:00Z,2027-02-13T00:00:00Z,0
acox4958@yahoo.com,yahoo.com,True,2024-07-10T00:00:00Z,2026-08-01T00:00:00Z,0
madisonpierce9042@yahoo.com,yahoo.com,True,2025-12-28T00:00:00Z,2026-07-13T00:00:00Z,0
qlee8521@yahoo.com,yahoo.com,True,2022-07-17T00:00:00Z,2024-08-25T00:00:00Z,0
melissa447345@outlook.com,outlook.com,True,2023-11-26T00:00:00Z,2026-06-02T00:00:00Z,0
dunlapjennifer8134@hotmail.com,hotmail.com,True,2024-11-27T00:00:00Z,2027-12-08T00:00:00Z,0
cheryl637303@yahoo.com,yahoo.com,True,2023-09-02T00:00:00Z,2025-09-15T00:00:00Z,0
stephaniegraham5229@outlook.com,outlook.com,True,2025-09-05T00:00:00Z,2027-01-02T00:00:00Z,0
odavila3385@protonmail.com,protonmail.com,True,2024-04-08T00:00:00Z,2025-08-17T00:00:00Z,0
slambert9474@yahoo.com,yahoo.com,True,2024-02-24T00:00:00Z,2024-03-06T00:00:00Z,0
ashleylucas1677@yahoo.com,yahoo.com,True,2022-08-02T00:00:00Z,2024-02-12T00:00:00Z,0
rnicholson1513@outlook.com,outlook.com,True,2023-02-10T00:00:00Z,2023-08-13T00:00:00Z,0
sarah158368@outlook.com,outlook.com,False,2025-02-17T00:00:00Z,2025-06-07T00:00:00Z,0
michelleharvey2400@outlook.com,outlook.com,False,2024-03-09T00:00:00Z,2026-04-26T00:00:00Z,0
qhansen1059@yahoo.com,yahoo.com,True,2023-01-13T00:00:00Z,2024-12-29T00:00:00Z,0
ramirezcody1412@outlook.com,outlook.com,True,2025-04-24T00:00:00Z,2027-05-20T00:00:00Z,0
nking442@outlook.com,outlook.com,True,2026-02-26T00:00:00Z,2027-08-09T00:00:00Z,0
wlove7720@protonmail.com,protonmail.com,True,2023-09-09T00:00:00Z,2026-11-30T00:00:00Z,0
mary551096@protonmail.com,protonmail.com,True,2023-12-20T00:00:00Z,2026-09-28T00:00:00Z,0
smithjessica7201@outlook.com,outlook.com,True,2024-06-07T00:00:00Z,2027-10-24T00:00:00Z,0
rhall4962@yahoo.com,yahoo.com,True,2024-07-25T00:00:00Z,2027-11-11T00:00:00Z,0
charris6247@protonmail.com,protonmail.com,True,2022-09-12T00:00:00Z,2024-03-17T00:00:00Z,0
stewartanthony9677@gmail.com,gmail.com,True,2024-10-31T00:00:00Z,2026-10-10T00:00:00Z,0
jordannavarro8157@outlook.com,outlook.com,True,2022-12-03T00:00:00Z,2026-08-04T00:00:00Z,0
jasonjackson3211@outlook.com,outlook.com,True,2024-08-21T00:00:00Z,2025-01-26T00:00:00Z,0
sherryallen7022@yahoo.com,yahoo.com,True,2023-05-12T00:00:00Z,2023-06-03T00:00:00Z,0
ndennis2694@outlook.com,outlook.com,True,2025-01-11T00:00:00Z,2025-12-27T00:00:00Z,0
colegilbert5422@outlook.com,outlook.com,True,2025-09-12T00:00:00Z,2027-04-10T00:00:00Z,0
hdavis8915@hotmail.com,hotmail.com,True,2025-02-06T00:00:00Z,2028-10-18T00:00:00Z,0
tmcmahon9334@outlook.com,outlook.com,True,2024-06-28T00:00:00Z,2026-10-16T00:00:00Z,0
rodriguezjustin8932@protonmail.com,protonmail.com,True,2025-11-10T00:00:00Z,2026-04-07T00:00:00Z,0
catherineochoa6262@protonmail.com,protonmail.com,True,2025-03-25T00:00:00Z,2026-12-31T00:00:00Z,0
juliespencer2714@gmail.com,gmail.com,True,2024-04-18T00:00:00Z,2028-01-25T00:00:00Z,0
lindatownsend1729@yahoo.com,yahoo.com,False,2025-01-18T00:00:00Z,2027-02-08T00:00:00Z,0
brianasmith4238@yahoo.com,yahoo.com,True,2025-03-26T00:00:00Z,2026-03-26T00:00:00Z,0
kimglover6065@protonmail.com,protonmail.com,True,2023-08-03T00:00:00Z,2024-05-13T00:00:00Z,0
judith487266@outlook.com,outlook.com,True,2026-02-18T00:00:00Z,2027-05-29T00:00:00Z,0
chrisanderson9798@yahoo.com,yahoo.com,True,2023-03-09T00:00:00Z,2024-04-25T00:00:00Z,0
matthew5156@outlook.com,outlook.com,True,2025-07-22T00:00:00Z,2025-12-14T00:00:00Z,0
sarahholland9169@hotmail.com,hotmail.com,True,2023-12-29T00:00:00Z,2026-05-31T00:00:00Z,0
williamsjohnny668@protonmail.com,protonmail.com,True,2023-11-16T00:00:00Z,2025-12-28T00:00:00Z,0
monicaholland211@yahoo.com,yahoo.com,False,2023-11-15T00:00:00Z,2024-12-21T00:00:00Z,0
ryanmichael2169@outlook.com,outlook.com,True,2025-11-08T00:00:00Z,2029-01-31T00:00:00Z,0
zlozano8148@gmail.com,gmail.com,True,2024-05-03T00:00:00Z,2027-04-12T00:00:00Z,0
lbates5082@outlook.com,outlook.com,True,2022-07-08T00:00:00Z,2022-12-05T00:00:00Z,0
holly533112@gmail.com,gmail.com,True,2024-12-28T00:00:00Z,2028-01-03T00:00:00Z,0
barronelizabeth5580@yahoo.com,yahoo.com,True,2025-02-07T00:00:00Z,2026-11-06T00:00:00Z,0
christianlewis4963@outlook.com,outlook.com,True,2026-04-25T00:00:00Z,2029-11-14T00:00:00Z,0
matthewtorres6932@outlook.com,outlook.com,True,2024-12-04T00:00:00Z,2026-11-20T00:00:00Z,0
jeremy585478@gmail.com,gmail.com,True,2024-05-24T00:00:00Z,2024-08-27T00:00:00Z,0
robinsonshirley3095@outlook.com,outlook.com,True,2022-11-27T00:00:00Z,2023-03-11T00:00:00Z,0
watkinsdebra1885@outlook.com,outlook.com,True,2025-04-25T00:00:00Z,2028-02-02T00:00:00Z,0
aperez255@outlook.com,outlook.com,True,2025-08-26T00:00:00Z,2027-07-17T00:00:00Z,0
skaiser3833@hotmail.com,hotmail.com,True,2024-07-12T00:00:00Z,2027-06-17T00:00:00Z,0
cbell5164@gmail.com,gmail.com,True,2022-10-10T00:00:00Z,2025-11-04T00:00:00Z,0
msimmons8400@hotmail.com,hotmail.com,True,2023-09-01T00:00:00Z,2026-11-27T00:00:00Z,0
kparrish3555@protonmail.com,protonmail.com,True,2025-07-10T00:00:00Z,2028-06-26T00:00:00Z,0
robertbass4972@yahoo.com,yahoo.com,True,2024-02-26T00:00:00Z,2024-03-01T00:00:00Z,0
william666807@hotmail.com,hotmail.com,True,2024-08-02T00:00:00Z,2027-03-04T00:00:00Z,0
ellenlewis8777@gmail.com,gmail.com,False,2022-07-07T00:00:00Z,2023-05-26T00:00:00Z,0
mccarthyariel8011@yahoo.com,yahoo.com,True,2024-10-18T00:00:00Z,2025-07-02T00:00:00Z,0
kpena5451@gmail.com,gmail.com,True,2025-04-25T00:00:00Z,2027-10-26T00:00:00Z,0
wrightshelby3711@hotmail.com,hotmail.com,True,2024-07-12T00:00:00Z,2027-07-25T00:00:00Z,0
graysusan2734@outlook.com,outlook.com,True,2025-11-23T00:00:00Z,2029-01-31T00:00:00Z,0
kim95423@outlook.com,outlook.com,True,2022-11-16T00:00:00Z,2026-09-04T00:00:00Z,0
daniel856549@protonmail.com,protonmail.com,True,2022-09-20T00:00:00Z,2025-04-14T00:00:00Z,0
kimberlygrant2780@hotmail.com,hotmail.com,True,2023-02-13T00:00:00Z,2026-07-09T00:00:00Z,0
colesherri4491@yahoo.com,yahoo.com,True,2023-03-24T00:00:00Z,2023-07-12T00:00:00Z,0
steven613357@yahoo.com,yahoo.com,True,2022-08-28T00:00:00Z,2025-03-01T00:00:00Z,0
michellewoods8341@yahoo.com,yahoo.com,True,2022-09-13T00:00:00Z,2025-02-27T00:00:00Z,0
xpotts7296@gmail.com,gmail.com,True,2023-02-19T00:00:00Z,2024-12-05T00:00:00Z,0
timothydaniel3870@gmail.com,gmail.com,True,2023-12-04T00:00:00Z,2025-02-03T00:00:00Z,0
williamsheidi3396@protonmail.com,protonmail.com,True,2023-05-13T00:00:00Z,2025-03-03T00:00:00Z,0
cruzrachael6315@hotmail.com,hotmail.com,True,2022-08-30T00:00:00Z,2023-06-28T00:00:00Z,0
ebony892799@gmail.com,gmail.com,True,2025-06-02T00:00:00Z,2026-12-31T00:00:00Z,0
nelsonmichael1760@yahoo.com,yahoo.com,True,2022-12-18T00:00:00Z,2023-12-12T00:00:00Z,0
vargasandre1303@outlook.com,outlook.com,True,2024-04-02T00:00:00Z,2027-02-10T00:00:00Z,0
kellyanderson2703@gmail.com,gmail.com,True,2025-10-11T00:00:00Z,2028-04-19T00:00:00Z,0
stewartbryce2806@yahoo.com,yahoo.com,True,2022-09-26T00:00:00Z,2026-02-20T00:00:00Z,0
luis882110@outlook.com,outlook.com,True,2023-03-23T00:00:00Z,2025-04-10T00:00:00Z,0
acastro9262@protonmail.com,protonmail.com,True,2024-12-05T00:00:00Z,2027-11-25T00:00:00Z,0
wblanchard6834@yahoo.com,yahoo.com,True,2026-01-24T00:00:00Z,2026-02-04T00:00:00Z,0
jgraham5751@hotmail.com,hotmail.com,True,2024-06-01T00:00:00Z,2027-06-22T00:00:00Z,0
martinlori3357@yahoo.com,yahoo.com,True,2023-05-18T00:00:00Z,2024-10-15T00:00:00Z,0
carolinecalderon5801@gmail.com,gmail.com,True,2024-02-14T00:00:00Z,2026-01-26T00:00:00Z,0
scott60347@yahoo.com,yahoo.com,True,2024-05-10T00:00:00Z,2024-12-11T00:00:00Z,0
robert148724@outlook.com,outlook.com,True,2026-03-31T00:00:00Z,2029-07-22T00:00:00Z,0
chavezjustin4742@yahoo.com,yahoo.com,True,2022-09-29T00:00:00Z,2022-09-29T00:00:00Z,0
tiffany277635@yahoo.com,yahoo.com,True,2023-11-22T00:00:00Z,2025-10-04T00:00:00Z,0
mgraves7122@hotmail.com,hotmail.com,True,2024-02-22T00:00:00Z,2027-03-03T00:00:00Z,0
hayden251682@yahoo.com,yahoo.com,True,2026-04-27T00:00:00Z,2027-01-14T00:00:00Z,0
lori546587@hotmail.com,hotmail.com,True,2024-12-26T00:00:00Z,2026-02-05T00:00:00Z,0
larry652501@yahoo.com,yahoo.com,True,2024-04-16T00:00:00Z,2025-06-10T00:00:00Z,0
eriklarson7157@gmail.com,gmail.com,True,2023-12-03T00:00:00Z,2026-08-17T00:00:00Z,0
veganicole1133@outlook.com,outlook.com,True,2024-10-13T00:00:00Z,2026-10-09T00:00:00Z,0
chenmichael8542@hotmail.com,hotmail.com,True,2023-10-29T00:00:00Z,2024-02-16T00:00:00Z,0
franksanchez7709@outlook.com,outlook.com,True,2024-05-17T00:00:00Z,2027-10-01T00:00:00Z,0
pearsonalex3640@yahoo.com,yahoo.com,True,2026-05-28T00:00:00Z,2026-09-03T00:00:00Z,0
urhodes1869@yahoo.com,yahoo.com,True,2023-03-21T00:00:00Z,2025-05-19T00:00:00Z,0
qmontgomery6122@yahoo.com,yahoo.com,True,2025-04-08T00:00:00Z,2028-11-08T00:00:00Z,0
westfrancisco8012@outlook.com,outlook.com,False,2023-11-23T00:00:00Z,2026-11-02T00:00:00Z,0
april845538@outlook.com,outlook.com,True,2025-12-10T00:00:00Z,2027-05-24T00:00:00Z,0
wsimmons6550@yahoo.com,yahoo.com,True,2023-03-04T00:00:00Z,2023-09-03T00:00:00Z,0
ericcline2716@gmail.com,gmail.com,True,2024-08-27T00:00:00Z,2027-03-20T00:00:00Z,0
pricemaria4575@yahoo.com,yahoo.com,True,2025-05-27T00:00:00Z,2027-11-21T00:00:00Z,0
lesliehooper1254@hotmail.com,hotmail.com,True,2023-05-05T00:00:00Z,2025-03-29T00:00:00Z,0
mccormickcesar7380@hotmail.com,hotmail.com,True,2024-11-22T00:00:00Z,2025-03-13T00:00:00Z,0
annakennedy5116@outlook.com,outlook.com,True,2023-03-27T00:00:00Z,2023-06-07T00:00:00Z,0
chavezderrick3507@protonmail.com,protonmail.com,True,2023-12-24T00:00:00Z,2024-07-26T00:00:00Z,0
abigail836119@outlook.com,outlook.com,True,2022-12-10T00:00:00Z,2026-02-23T00:00:00Z,0
skramer5116@outlook.com,outlook.com,True,2024-10-23T00:00:00Z,2025-10-26T00:00:00Z,0
codymelton3143@protonmail.com,protonmail.com,True,2023-01-06T00:00:00Z,2023-03-06T00:00:00Z,0
pruitthaley9675@protonmail.com,protonmail.com,True,2023-11-04T00:00:00Z,2025-06-15T00:00:00Z,0
cassandra553687@outlook.com,outlook.com,True,2022-10-14T00:00:00Z,2025-09-15T00:00:00Z,0
keith351879@gmail.com,gmail.com,True,2025-11-25T00:00:00Z,2028-07-01T00:00:00Z,0
houstonheather4286@gmail.com,gmail.com,True,2025-12-06T00:00:00Z,2028-02-26T00:00:00Z,0
jacob816610@gmail.com,gmail.com,True,2025-06-24T00:00:00Z,2028-12-06T00:00:00Z,0
ebest574@yahoo.com,yahoo.com,True,2024-08-01T00:00:00Z,2025-04-24T00:00:00Z,0
michael772439@yahoo.com,yahoo.com,True,2025-12-03T00:00:00Z,2027-12-17T00:00:00Z,0
matthew378813@gmail.com,gmail.com,False,2023-01-13T00:00:00Z,2023-07-11T00:00:00Z,0
aswanson5998@outlook.com,outlook.com,True,2024-08-10T00:00:00Z,2025-03-23T00:00:00Z,0
tbeck859@outlook.com,outlook.com,True,2024-01-06T00:00:00Z,2026-09-26T00:00:00Z,0
charles181835@hotmail.com,hotmail.com,True,2025-12-11T00:00:00Z,2027-04-16T00:00:00Z,0
ashley418840@yahoo.com,yahoo.com,True,2024-02-09T00:00:00Z,2025-11-10T00:00:00Z,0
karaburns3397@protonmail.com,protonmail.com,True,2025-03-12T00:00:00Z,2025-05-02T00:00:00Z,0
brendamurphy3069@hotmail.com,hotmail.com,True,2026-05-28T00:00:00Z,2029-07-22T00:00:00Z,0
lopezalyssa1554@hotmail.com,hotmail.com,True,2026-05-23T00:00:00Z,2029-12-22T00:00:00Z,0
pittsmarilyn8972@yahoo.com,yahoo.com,True,2025-09-06T00:00:00Z,2028-07-28T00:00:00Z,0
garciashane1771@hotmail.com,hotmail.com,True,2023-04-16T00:00:00Z,2025-03-23T00:00:00Z,0
miguelpeterson943@yahoo.com,yahoo.com,True,2025-06-18T00:00:00Z,2028-09-16T00:00:00Z,0
jenny719651@hotmail.com,hotmail.com,False,2022-12-19T00:00:00Z,2026-07-02T00:00:00Z,0
zjackson9827@yahoo.com,yahoo.com,True,2022-12-19T00:00:00Z,2025-12-30T00:00:00Z,0
barbara987388@yahoo.com,yahoo.com,True,2022-11-17T00:00:00Z,2025-01-17T00:00:00Z,0
parkervickie5947@gmail.com,gmail.com,True,2023-08-26T00:00:00Z,2025-02-12T00:00:00Z,0
klee5352@outlook.com,outlook.com,True,2023-05-21T00:00:00Z,2024-07-26T00:00:00Z,0
browndestiny5963@hotmail.com,hotmail.com,True,2025-04-07T00:00:00Z,2026-08-12T00:00:00Z,0
blevinschad269@yahoo.com,yahoo.com,True,2024-05-26T00:00:00Z,2024-06-06T00:00:00Z,0
perezlindsay7782@hotmail.com,hotmail.com,True,2025-10-24T00:00:00Z,2026-12-12T00:00:00Z,0
felicia398971@protonmail.com,protonmail.com,True,2024-06-26T00:00:00Z,2025-05-30T00:00:00Z,0
vgarcia9273@hotmail.com,hotmail.com,True,2024-12-05T00:00:00Z,2027-03-26T00:00:00Z,0
haleylewis9275@outlook.com,outlook.com,True,2023-06-13T00:00:00Z,2025-06-19T00:00:00Z,0
ryan645601@outlook.com,outlook.com,True,2025-05-23T00:00:00Z,2028-10-12T00:00:00Z,0
jamesmarshall5097@hotmail.com,hotmail.com,True,2025-06-09T00:00:00Z,2028-01-26T00:00:00Z,0
