customer_id,email,verified,first_seen,last_seen
CUS-TST-000001,steven613357@yahoo.com,True,2022-08-28T00:00:00Z,2025-03-01T00:00:00Z
CUS-TST-000002,garciashane1771@hotmail.com,True,2023-04-16T00:00:00Z,2025-03-23T00:00:00Z
CUS-TST-000003,rodriguezjustin8932@protonmail.com,True,2025-11-10T00:00:00Z,2026-04-07T00:00:00Z
CUS-TST-000004,kellyanderson2703@gmail.com,True,2025-10-11T00:00:00Z,2028-04-19T00:00:00Z
CUS-TST-000005,ronaldthornton3568@gmail.com,True,2022-10-24T00:00:00Z,2024-10-18T00:00:00Z
CUS-TST-000006,ihall4670@outlook.com,True,2022-12-15T00:00:00Z,2025-11-13T00:00:00Z
CUS-TST-000007,pwalker4881@yahoo.com,False,2025-09-22T00:00:00Z,2028-01-20T00:00:00Z
CUS-TST-000008,denise527762@gmail.com,False,2025-11-12T00:00:00Z,2028-09-10T00:00:00Z
CUS-TST-000009,mooremackenzie142@outlook.com,True,2025-08-18T00:00:00Z,2026-06-21T00:00:00Z
CUS-TST-000010,william132786@hotmail.com,True,2022-05-27T00:00:00Z,2025-08-04T00:00:00Z
CUS-TST-000011,johnsonsarah3056@outlook.com,True,2026-05-13T00:00:00Z,2029-10-01T00:00:00Z
CUS-TST-000012,amanda653971@protonmail.com,True,2025-03-03T00:00:00Z,2025-12-04T00:00:00Z
CUS-TST-000013,jasondillon5910@protonmail.com,True,2025-07-16T00:00:00Z,2026-11-24T00:00:00Z
CUS-TST-000014,jesse805082@hotmail.com,True,2022-06-19T00:00:00Z,2024-05-24T00:00:00Z
CUS-TST-000015,stephanie042847@yahoo.com,True,2026-04-22T00:00:00Z,2028-07-23T00:00:00Z
CUS-TST-000016,barronelizabeth5580@yahoo.com,True,2025-02-07T00:00:00Z,2026-11-06T00:00:00Z
CUS-TST-000017,smithlinda2243@outlook.com,True,2022-08-31T00:00:00Z,2025-08-24T00:00:00Z
CUS-TST-000018,tamara369486@hotmail.com,True,2023-01-22T00:00:00Z,2023-02-07T00:00:00Z
CUS-TST-000019,dunlapjennifer8134@hotmail.com,True,2024-11-27T00:00:00Z,2027-12-08T00:00:00Z
CUS-TST-000020,cooperscott3082@gmail.com,False,2024-03-30T00:00:00Z,2027-04-25T00:00:00Z
CUS-TST-000021,rickyperez6048@hotmail.com,True,2023-10-10T00:00:00Z,2025-03-20T00:00:00Z
CUS-TST-000022,palmermark1269@gmail.com,False,2023-03-20T00:00:00Z,2024-06-01T00:00:00Z
CUS-TST-000023,brandon542814@gmail.com,True,2024-04-04T00:00:00Z,2026-03-23T00:00:00Z
CUS-TST-000024,bgarcia9629@yahoo.com,True,2024-05-13T00:00:00Z,2024-10-04T00:00:00Z
CUS-TST-000025,jaredtrujillo6764@protonmail.com,True,2023-06-18T00:00:00Z,2025-03-24T00:00:00Z
CUS-TST-000026,carol423701@gmail.com,True,2024-11-11T00:00:00Z,2025-07-04T00:00:00Z
CUS-TST-000027,kpena5451@gmail.com,True,2025-04-25T00:00:00Z,2027-10-26T00:00:00Z
CUS-TST-000028,nunezmichael6299@yahoo.com,True,2024-05-10T00:00:00Z,2025-12-19T00:00:00Z
CUS-TST-000029,dawn519318@outlook.com,True,2026-02-09T00:00:00Z,2028-04-27T00:00:00Z
CUS-TST-000030,charles181835@hotmail.com,True,2025-12-11T00:00:00Z,2027-04-16T00:00:00Z
CUS-TST-000031,ramirezcody1412@outlook.com,True,2025-04-24T00:00:00Z,2027-05-20T00:00:00Z
CUS-TST-000032,sarah158368@outlook.com,False,2025-02-17T00:00:00Z,2025-06-07T00:00:00Z
CUS-TST-000033,hayden251682@yahoo.com,True,2026-04-27T00:00:00Z,2027-01-14T00:00:00Z
CUS-TST-000034,pereznathan8459@protonmail.com,True,2024-12-23T00:00:00Z,2026-12-07T00:00:00Z
CUS-TST-000035,peterjohnson8215@gmail.com,True,2024-11-29T00:00:00Z,2027-04-13T00:00:00Z
CUS-TST-000036,yblake9431@gmail.com,True,2026-05-07T00:00:00Z,2030-02-06T00:00:00Z
CUS-TST-000037,rnicholson1513@outlook.com,True,2023-02-10T00:00:00Z,2023-08-13T00:00:00Z
CUS-TST-000038,tinagibson1110@yahoo.com,True,2026-02-23T00:00:00Z,2027-02-13T00:00:00Z
CUS-TST-000039,kaylaschaefer2808@yahoo.com,True,2024-11-15T00:00:00Z,2028-08-31T00:00:00Z
CUS-TST-000040,joann958646@outlook.com,True,2025-03-10T00:00:00Z,2028-10-10T00:00:00Z
CUS-TST-000041,vargasandre1303@outlook.com,True,2024-04-02T00:00:00Z,2027-02-10T00:00:00Z
CUS-TST-000042,dburke4585@outlook.com,True,2023-10-14T00:00:00Z,2025-12-29T00:00:00Z
CUS-TST-000043,daniellewhite9964@outlook.com,True,2025-08-08T00:00:00Z,2028-12-10T00:00:00Z
CUS-TST-000044,fwalters8041@outlook.com,True,2024-02-08T00:00:00Z,2025-03-25T00:00:00Z
CUS-TST-000045,ebest574@yahoo.com,True,2024-08-01T00:00:00Z,2025-04-24T00:00:00Z
CUS-TST-000046,pricemaria4575@yahoo.com,True,2025-05-27T00:00:00Z,2027-11-21T00:00:00Z
CUS-TST-000047,martinrachel2631@protonmail.com,True,2023-12-29T00:00:00Z,2024-04-15T00:00:00Z
CUS-TST-000048,westfrancisco8012@outlook.com,False,2023-11-23T00:00:00Z,2026-11-02T00:00:00Z
CUS-TST-000049,daniel789530@yahoo.com,True,2023-09-06T00:00:00Z,2027-03-09T00:00:00Z
CUS-TST-000050,ramirezcody1412@outlook.com,True,2025-04-24T00:00:00Z,2027-05-20T00:00:00Z
CUS-TST-000051,ghaney6823@outlook.com,True,2022-10-16T00:00:00Z,2023-06-03T00:00:00Z
CUS-TST-000052,robinsonshirley3095@outlook.com,True,2022-11-27T00:00:00Z,2023-03-11T00:00:00Z
CUS-TST-000053,sarahhensley7561@protonmail.com,False,2023-12-13T00:00:00Z,2025-02-11T00:00:00Z
CUS-TST-000054,george858279@protonmail.com,True,2023-09-27T00:00:00Z,2023-09-28T00:00:00Z
CUS-TST-000055,ustevens6675@outlook.com,True,2025-06-01T00:00:00Z,2026-01-16T00:00:00Z
CUS-TST-000056,shawmatthew7338@yahoo.com,True,2026-04-24T00:00:00Z,2029-03-03T00:00:00Z
CUS-TST-000057,fowlereric2042@yahoo.com,False,2025-09-04T00:00:00Z,2029-04-09T00:00:00Z
CUS-TST-000058,kpena5451@gmail.com,True,2025-04-25T00:00:00Z,2027-10-26T00:00:00Z
CUS-TST-000059,gabrielle196004@gmail.com,True,2024-04-09T00:00:00Z,2026-10-03T00:00:00Z
CUS-TST-000060,lindatownsend1729@yahoo.com,False,2025-01-18T00:00:00Z,2027-02-08T00:00:00Z
CUS-TST-000061,jessica523065@outlook.com,True,2025-12-19T00:00:00Z,2028-01-22T00:00:00Z
CUS-TST-000062,charris6247@protonmail.com,True,2022-09-12T00:00:00Z,2024-03-17T00:00:00Z
CUS-TST-000063,grahameric8623@hotmail.com,True,2024-03-03T00:00:00Z,2026-10-25T00:00:00Z
CUS-TST-000064,sarah739683@gmail.com,True,2025-03-07T00:00:00Z,2028-02-29T00:00:00Z
CUS-TST-000065,wandahernandez4690@hotmail.com,True,2024-11-20T00:00:00Z,2027-01-13T00:00:00Z
CUS-TST-000066,mmoore5188@yahoo.com,True,2026-04-20T00:00:00Z,2028-10-19T00:00:00Z
CUS-TST-000067,tbeck859@outlook.com,True,2024-01-06T00:00:00Z,2026-09-26T00:00:00Z
CUS-TST-000068,qlee8521@yahoo.com,True,2022-07-17T00:00:00Z,2024-08-25T00:00:00Z
CUS-TST-000069,ebest574@yahoo.com,True,2024-08-01T00:00:00Z,2025-04-24T00:00:00Z
CUS-TST-000070,pruitthaley9675@protonmail.com,True,2023-11-04T00:00:00Z,2025-06-15T00:00:00Z
CUS-TST-000071,ellenlewis8777@gmail.com,False,2022-07-07T00:00:00Z,2023-05-26T00:00:00Z
CUS-TST-000072,caitlinramirez4268@outlook.com,True,2022-09-29T00:00:00Z,2025-06-08T00:00:00Z
CUS-TST-000073,jamestaylor1994@gmail.com,True,2022-12-20T00:00:00Z,2025-12-29T00:00:00Z
CUS-TST-000074,jeffreyavila2752@gmail.com,True,2024-05-18T00:00:00Z,2025-11-24T00:00:00Z
CUS-TST-000075,tbeck859@outlook.com,True,2024-01-06T00:00:00Z,2026-09-26T00:00:00Z
CUS-TST-000076,melissa447345@outlook.com,True,2023-11-26T00:00:00Z,2026-06-02T00:00:00Z
CUS-TST-000077,tchandler7627@hotmail.com,True,2023-09-14T00:00:00Z,2026-03-19T00:00:00Z
CUS-TST-000078,tbeck859@outlook.com,True,2024-01-06T00:00:00Z,2026-09-26T00:00:00Z
CUS-TST-000079,smithjessica7201@outlook.com,True,2024-06-07T00:00:00Z,2027-10-24T00:00:00Z
CUS-TST-000080,pereznathan8459@protonmail.com,True,2024-12-23T00:00:00Z,2026-12-07T00:00:00Z
CUS-TST-000081,wrightshelby3711@hotmail.com,True,2024-07-12T00:00:00Z,2027-07-25T00:00:00Z
CUS-TST-000082,valeriechristensen3623@hotmail.com,True,2024-05-01T00:00:00Z,2027-11-27T00:00:00Z
CUS-TST-000083,johnsonsarah3056@outlook.com,True,2026-05-13T00:00:00Z,2029-10-01T00:00:00Z
CUS-TST-000084,eriklarson7157@gmail.com,True,2023-12-03T00:00:00Z,2026-08-17T00:00:00Z
CUS-TST-000085,abigail836119@outlook.com,True,2022-12-10T00:00:00Z,2026-02-23T00:00:00Z
CUS-TST-000086,urhodes1869@yahoo.com,True,2023-03-21T00:00:00Z,2025-05-19T00:00:00Z
CUS-TST-000087,johnsonsarah3056@outlook.com,True,2026-05-13T00:00:00Z,2029-10-01T00:00:00Z
CUS-TST-000088,brendamurphy3069@hotmail.com,True,2026-05-28T00:00:00Z,2029-07-22T00:00:00Z
CUS-TST-000089,larry652501@yahoo.com,True,2024-04-16T00:00:00Z,2025-06-10T00:00:00Z
CUS-TST-000090,williamsheidi3396@protonmail.com,True,2023-05-13T00:00:00Z,2025-03-03T00:00:00Z
CUS-TST-000091,tbeck859@outlook.com,True,2024-01-06T00:00:00Z,2026-09-26T00:00:00Z
CUS-TST-000092,sbrady6341@hotmail.com,True,2025-08-23T00:00:00Z,2027-02-10T00:00:00Z
CUS-TST-000093,holly533112@gmail.com,True,2024-12-28T00:00:00Z,2028-01-03T00:00:00Z
CUS-TST-000094,holly533112@gmail.com,True,2024-12-28T00:00:00Z,2028-01-03T00:00:00Z
CUS-TST-000095,matthew378813@gmail.com,False,2023-01-13T00:00:00Z,2023-07-11T00:00:00Z
CUS-TST-000096,ryan737204@outlook.com,False,2026-01-13T00:00:00Z,2027-07-08T00:00:00Z
CUS-TST-000097,cooperscott3082@gmail.com,False,2024-03-30T00:00:00Z,2027-04-25T00:00:00Z
CUS-TST-000098,aswanson5998@outlook.com,True,2024-08-10T00:00:00Z,2025-03-23T00:00:00Z
CUS-TST-000099,felicia398971@protonmail.com,True,2024-06-26T00:00:00Z,2025-05-30T00:00:00Z
CUS-TST-000100,albertgarner9478@outlook.com,True,2025-05-03T00:00:00Z,2025-05-21T00:00:00Z
CUS-TST-000101,parkervickie5947@gmail.com,True,2023-08-26T00:00:00Z,2025-02-12T00:00:00Z
CUS-TST-000102,ndennis2694@outlook.com,True,2025-01-11T00:00:00Z,2025-12-27T00:00:00Z
CUS-TST-000103,larry652501@yahoo.com,True,2024-04-16T00:00:00Z,2025-06-10T00:00:00Z
CUS-TST-000104,tsmith5324@gmail.com,True,2024-03-22T00:00:00Z,2026-04-17T00:00:00Z
CUS-TST-000105,jesse805082@hotmail.com,True,2022-06-19T00:00:00Z,2024-05-24T00:00:00Z
CUS-TST-000106,rnicholson1513@outlook.com,True,2023-02-10T00:00:00Z,2023-08-13T00:00:00Z
CUS-TST-000107,daniel789530@yahoo.com,True,2023-09-06T00:00:00Z,2027-03-09T00:00:00Z
CUS-TST-000108,williamsheidi3396@protonmail.com,True,2023-05-13T00:00:00Z,2025-03-03T00:00:00Z
CUS-TST-000109,martinlori3357@yahoo.com,True,2023-05-18T00:00:00Z,2024-10-15T00:00:00Z
CUS-TST-000110,hdavis8915@hotmail.com,True,2025-02-06T00:00:00Z,2028-10-18T00:00:00Z
CUS-TST-000111,stewartanthony9677@gmail.com,True,2024-10-31T00:00:00Z,2026-10-10T00:00:00Z
CUS-TST-000112,alvaradojohn9252@outlook.com,True,2023-05-07T00:00:00Z,2023-12-31T00:00:00Z
CUS-TST-000113,david781571@outlook.com,True,2024-12-24T00:00:00Z,2028-03-22T00:00:00Z
CUS-TST-000114,jonathansullivan7391@outlook.com,True,2024-09-14T00:00:00Z,2027-11-22T00:00:00Z
CUS-TST-000115,ebony892799@gmail.com,True,2025-06-02T00:00:00Z,2026-12-31T00:00:00Z
CUS-TST-000116,ashley245028@hotmail.com,True,2025-09-13T00:00:00Z,2027-10-30T00:00:00Z
CUS-TST-000117,fgallagher9368@yahoo.com,True,2022-09-09T00:00:00Z,2025-01-22T00:00:00Z
CUS-TST-000118,browndestiny5963@hotmail.com,True,2025-04-07T00:00:00Z,2026-08-12T00:00:00Z
CUS-TST-000119,watkinsdebra1885@outlook.com,True,2025-04-25T00:00:00Z,2028-02-02T00:00:00Z
CUS-TST-000120,fowlereric2042@yahoo.com,False,2025-09-04T00:00:00Z,2029-04-09T00:00:00Z
CUS-TST-000121,tchandler7627@hotmail.com,True,2023-09-14T00:00:00Z,2026-03-19T00:00:00Z
CUS-TST-000122,josephchristopher1795@protonmail.com,True,2025-07-17T00:00:00Z,2027-08-29T00:00:00Z
CUS-TST-000123,johnsonsarah3056@outlook.com,True,2026-05-13T00:00:00Z,2029-10-01T00:00:00Z
CUS-TST-000124,nancy809306@gmail.com,True,2025-04-22T00:00:00Z,2026-12-08T00:00:00Z
CUS-TST-000125,acox4958@yahoo.com,True,2024-07-10T00:00:00Z,2026-08-01T00:00:00Z
CUS-TST-000126,smithlinda2243@outlook.com,True,2022-08-31T00:00:00Z,2025-08-24T00:00:00Z
CUS-TST-000127,caitlinramirez4268@outlook.com,True,2022-09-29T00:00:00Z,2025-06-08T00:00:00Z
CUS-TST-000128,martinrachel2631@protonmail.com,True,2023-12-29T00:00:00Z,2024-04-15T00:00:00Z
CUS-TST-000129,carol423701@gmail.com,True,2024-11-11T00:00:00Z,2025-07-04T00:00:00Z
CUS-TST-000130,rodriguezjustin8932@protonmail.com,True,2025-11-10T00:00:00Z,2026-04-07T00:00:00Z
CUS-TST-000131,matthewskimberly6947@yahoo.com,True,2024-09-29T00:00:00Z,2024-12-08T00:00:00Z
CUS-TST-000132,nathan33981@hotmail.com,True,2024-07-21T00:00:00Z,2027-05-26T00:00:00Z
CUS-TST-000133,chavezderrick3507@protonmail.com,True,2023-12-24T00:00:00Z,2024-07-26T00:00:00Z
CUS-TST-000134,wgalvan6917@outlook.com,True,2023-01-20T00:00:00Z,2025-06-06T00:00:00Z
CUS-TST-000135,judith487266@outlook.com,True,2026-02-18T00:00:00Z,2027-05-29T00:00:00Z
CUS-TST-000136,martinlori3357@yahoo.com,True,2023-05-18T00:00:00Z,2024-10-15T00:00:00Z
CUS-TST-000137,nwilliams3678@protonmail.com,True,2024-11-15T00:00:00Z,2024-11-17T00:00:00Z
CUS-TST-000138,greenscott3613@gmail.com,True,2022-12-26T00:00:00Z,2026-07-03T00:00:00Z
CUS-TST-000139,sbrady6341@hotmail.com,True,2025-08-23T00:00:00Z,2027-02-10T00:00:00Z
CUS-TST-000140,stewartbryce2806@yahoo.com,True,2022-09-26T00:00:00Z,2026-02-20T00:00:00Z
CUS-TST-000141,sandersjoshua3408@gmail.com,True,2022-09-03T00:00:00Z,2024-07-11T00:00:00Z
CUS-TST-000142,nwilliams3678@protonmail.com,True,2024-11-15T00:00:00Z,2024-11-17T00:00:00Z
CUS-TST-000143,sarah739683@gmail.com,True,2025-03-07T00:00:00Z,2028-02-29T00:00:00Z
CUS-TST-000144,savannah839412@protonmail.com,True,2024-12-14T00:00:00Z,2026-03-07T00:00:00Z
CUS-TST-000145,palmermark1269@gmail.com,False,2023-03-20T00:00:00Z,2024-06-01T00:00:00Z
CUS-TST-000146,chase867128@outlook.com,True,2023-01-04T00:00:00Z,2026-08-02T00:00:00Z
CUS-TST-000147,jessica523065@outlook.com,True,2025-12-19T00:00:00Z,2028-01-22T00:00:00Z
CUS-TST-000148,jamesmarshall5097@hotmail.com,True,2025-06-09T00:00:00Z,2028-01-26T00:00:00Z
CUS-TST-000149,richardgreene5265@gmail.com,True,2024-08-15T00:00:00Z,2025-11-06T00:00:00Z
CUS-TST-000150,jessica523065@outlook.com,True,2025-12-19T00:00:00Z,2028-01-22T00:00:00Z
CUS-TST-000151,barbaracollins7934@outlook.com,True,2025-08-22T00:00:00Z,2028-11-24T00:00:00Z
CUS-TST-000152,tchandler7627@hotmail.com,True,2023-09-14T00:00:00Z,2026-03-19T00:00:00Z
CUS-TST-000153,olsonkimberly7470@protonmail.com,True,2026-03-07T00:00:00Z,2026-05-11T00:00:00Z
CUS-TST-000154,lbates5082@outlook.com,True,2022-07-08T00:00:00Z,2022-12-05T00:00:00Z
CUS-TST-000155,ndennis2694@outlook.com,True,2025-01-11T00:00:00Z,2025-12-27T00:00:00Z
CUS-TST-000156,hbailey368@gmail.com,True,2025-02-04T00:00:00Z,2026-09-22T00:00:00Z
CUS-TST-000157,johnwolf5759@gmail.com,True,2024-05-21T00:00:00Z,2026-02-19T00:00:00Z
CUS-TST-000158,kpetersen8425@yahoo.com,True,2024-05-16T00:00:00Z,2025-04-29T00:00:00Z
CUS-TST-000159,johnsonmary2989@gmail.com,True,2026-02-07T00:00:00Z,2028-08-30T00:00:00Z
CUS-TST-000160,gabrielle196004@gmail.com,True,2024-04-09T00:00:00Z,2026-10-03T00:00:00Z
CUS-TST-000161,sarahhowe4970@yahoo.com,True,2026-02-16T00:00:00Z,2026-07-20T00:00:00Z
CUS-TST-000162,qhansen1059@yahoo.com,True,2023-01-13T00:00:00Z,2024-12-29T00:00:00Z
CUS-TST-000163,scott60347@yahoo.com,True,2024-05-10T00:00:00Z,2024-12-11T00:00:00Z
CUS-TST-000164,nunezmichael6299@yahoo.com,True,2024-05-10T00:00:00Z,2025-12-19T00:00:00Z
CUS-TST-000165,wlove7720@protonmail.com,True,2023-09-09T00:00:00Z,2026-11-30T00:00:00Z
CUS-TST-000166,wblanchard6834@yahoo.com,True,2026-01-24T00:00:00Z,2026-02-04T00:00:00Z
CUS-TST-000167,vaughanalan7783@protonmail.com,True,2022-11-06T00:00:00Z,2024-06-16T00:00:00Z
CUS-TST-000168,jholland4494@gmail.com,True,2022-07-05T00:00:00Z,2025-05-31T00:00:00Z
CUS-TST-000169,pdean8423@protonmail.com,True,2024-06-26T00:00:00Z,2027-05-31T00:00:00Z
CUS-TST-000170,fgallagher9368@yahoo.com,True,2022-09-09T00:00:00Z,2025-01-22T00:00:00Z
CUS-TST-000171,carolinecalderon5801@gmail.com,True,2024-02-14T00:00:00Z,2026-01-26T00:00:00Z
CUS-TST-000172,wlove7720@protonmail.com,True,2023-09-09T00:00:00Z,2026-11-30T00:00:00Z
CUS-TST-000173,robert148724@outlook.com,True,2026-03-31T00:00:00Z,2029-07-22T00:00:00Z
CUS-TST-000174,carol423701@gmail.com,True,2024-11-11T00:00:00Z,2025-07-04T00:00:00Z
CUS-TST-000175,juliespencer2714@gmail.com,True,2024-04-18T00:00:00Z,2028-01-25T00:00:00Z
CUS-TST-000176,carol423701@gmail.com,True,2024-11-11T00:00:00Z,2025-07-04T00:00:00Z
CUS-TST-000177,simonaustin1532@hotmail.com,False,2026-02-17T00:00:00Z,2028-08-03T00:00:00Z
CUS-TST-000178,sarahhowe4970@yahoo.com,True,2026-02-16T00:00:00Z,2026-07-20T00:00:00Z
CUS-TST-000179,wblanchard6834@yahoo.com,True,2026-01-24T00:00:00Z,2026-02-04T00:00:00Z
CUS-TST-000180,jonathan749958@outlook.com,True,2022-10-22T00:00:00Z,2025-10-17T00:00:00Z
CUS-TST-000181,sarahhill8131@protonmail.com,True,2024-04-22T00:00:00Z,2027-12-12T00:00:00Z
CUS-TST-000182,kimglover6065@protonmail.com,True,2023-08-03T00:00:00Z,2024-05-13T00:00:00Z
CUS-TST-000183,barronelizabeth5580@yahoo.com,True,2025-02-07T00:00:00Z,2026-11-06T00:00:00Z
CUS-TST-000184,mcmillanmichael9306@outlook.com,True,2023-10-28T00:00:00Z,2026-07-08T00:00:00Z
CUS-TST-000185,dscott7207@yahoo.com,True,2023-12-09T00:00:00Z,2025-09-06T00:00:00Z
CUS-TST-000186,dawn519318@outlook.com,True,2026-02-09T00:00:00Z,2028-04-27T00:00:00Z
CUS-TST-000187,morenorenee5640@protonmail.com,True,2025-08-05T00:00:00Z,2026-11-14T00:00:00Z
CUS-TST-000188,timothydaniel3870@gmail.com,True,2023-12-04T00:00:00Z,2025-02-03T00:00:00Z
CUS-TST-000189,diazmichael211@gmail.com,True,2025-11-18T00:00:00Z,2028-03-09T00:00:00Z
CUS-TST-000190,robertbass4972@yahoo.com,True,2024-02-26T00:00:00Z,2024-03-01T00:00:00Z
CUS-TST-000191,ashleygrimes5342@hotmail.com,True,2022-05-24T00:00:00Z,2024-02-15T00:00:00Z
CUS-TST-000192,fjohnson6297@outlook.com,True,2026-03-16T00:00:00Z,2029-11-25T00:00:00Z
CUS-TST-000193,ebony892799@gmail.com,True,2025-06-02T00:00:00Z,2026-12-31T00:00:00Z
CUS-TST-000194,ashleygrimes5342@hotmail.com,True,2022-05-24T00:00:00Z,2024-02-15T00:00:00Z
CUS-TST-000195,robert148724@outlook.com,True,2026-03-31T00:00:00Z,2029-07-22T00:00:00Z
CUS-TST-000196,eriklarson7157@gmail.com,True,2023-12-03T00:00:00Z,2026-08-17T00:00:00Z
CUS-TST-000197,wlee230@protonmail.com,False,2024-12-12T00:00:00Z,2024-12-24T00:00:00Z
CUS-TST-000198,dscott7207@yahoo.com,True,2023-12-09T00:00:00Z,2025-09-06T00:00:00Z
CUS-TST-000199,erikadiaz8449@protonmail.com,True,2024-02-13T00:00:00Z,2025-04-28T00:00:00Z
CUS-TST-000200,kim95423@outlook.com,True,2022-11-16T00:00:00Z,2026-09-04T00:00:00Z
CUS-TST-000201,sarahhensley7561@protonmail.com,False,2023-12-13T00:00:00Z,2025-02-11T00:00:00Z
CUS-TST-000202,jacqueline47785@protonmail.com,False,2023-09-10T00:00:00Z,2024-06-12T00:00:00Z
CUS-TST-000203,bakerchristine9325@yahoo.com,True,2023-06-06T00:00:00Z,2025-05-22T00:00:00Z
CUS-TST-000204,robert148724@outlook.com,True,2026-03-31T00:00:00Z,2029-07-22T00:00:00Z
CUS-TST-000205,luis882110@outlook.com,True,2023-03-23T00:00:00Z,2025-04-10T00:00:00Z
CUS-TST-000206,dburke4585@outlook.com,True,2023-10-14T00:00:00Z,2025-12-29T00:00:00Z
CUS-TST-000207,skaiser3833@hotmail.com,True,2024-07-12T00:00:00Z,2027-06-17T00:00:00Z
CUS-TST-000208,xpotts7296@gmail.com,True,2023-02-19T00:00:00Z,2024-12-05T00:00:00Z
CUS-TST-000209,williamsjohnny668@protonmail.com,True,2023-11-16T00:00:00Z,2025-12-28T00:00:00Z
CUS-TST-000210,sarahhill8131@protonmail.com,True,2024-04-22T00:00:00Z,2027-12-12T00:00:00Z
CUS-TST-000211,chavezderrick3507@protonmail.com,True,2023-12-24T00:00:00Z,2024-07-26T00:00:00Z
CUS-TST-000212,savannah839412@protonmail.com,True,2024-12-14T00:00:00Z,2026-03-07T00:00:00Z
CUS-TST-000213,erikadiaz8449@protonmail.com,True,2024-02-13T00:00:00Z,2025-04-28T00:00:00Z
CUS-TST-000214,mary517075@yahoo.com,True,2024-09-19T00:00:00Z,2026-04-02T00:00:00Z
CUS-TST-000215,stephanie042847@yahoo.com,True,2026-04-22T00:00:00Z,2028-07-23T00:00:00Z
CUS-TST-000216,sarahhill8131@protonmail.com,True,2024-04-22T00:00:00Z,2027-12-12T00:00:00Z
CUS-TST-000217,jordannavarro8157@outlook.com,True,2022-12-03T00:00:00Z,2026-08-04T00:00:00Z
CUS-TST-000218,ndennis2694@outlook.com,True,2025-01-11T00:00:00Z,2025-12-27T00:00:00Z
CUS-TST-000219,jonathan545928@yahoo.com,True,2025-01-03T00:00:00Z,2025-10-08T00:00:00Z
CUS-TST-000220,michaeljohnson3698@gmail.com,True,2023-03-23T00:00:00Z,2025-04-07T00:00:00Z
CUS-TST-000221,savannah839412@protonmail.com,True,2024-12-14T00:00:00Z,2026-03-07T00:00:00Z
CUS-TST-000222,david205124@hotmail.com,True,2024-01-16T00:00:00Z,2025-09-02T00:00:00Z
CUS-TST-000223,umcdonald3697@protonmail.com,True,2024-04-11T00:00:00Z,2026-09-08T00:00:00Z
CUS-TST-000224,andreaross3362@hotmail.com,True,2022-11-06T00:00:00Z,2024-11-02T00:00:00Z
CUS-TST-000225,simonaustin1532@hotmail.com,False,2026-02-17T00:00:00Z,2028-08-03T00:00:00Z
CUS-TST-000226,jordannavarro8157@outlook.com,True,2022-12-03T00:00:00Z,2026-08-04T00:00:00Z
CUS-TST-000227,adrienne144342@gmail.com,True,2024-12-17T00:00:00Z,2027-05-12T00:00:00Z
CUS-TST-000228,ryan737204@outlook.com,False,2026-01-13T00:00:00Z,2027-07-08T00:00:00Z
CUS-TST-000229,sbrady6341@hotmail.com,True,2025-08-23T00:00:00Z,2027-02-10T00:00:00Z
CUS-TST-000230,codymelton3143@protonmail.com,True,2023-01-06T00:00:00Z,2023-03-06T00:00:00Z
CUS-TST-000231,ashley418840@yahoo.com,True,2024-02-09T00:00:00Z,2025-11-10T00:00:00Z
CUS-TST-000232,matthew5156@outlook.com,True,2025-07-22T00:00:00Z,2025-12-14T00:00:00Z
CUS-TST-000233,alvaradojohn9252@outlook.com,True,2023-05-07T00:00:00Z,2023-12-31T00:00:00Z
CUS-TST-000234,ramirezcody1412@outlook.com,True,2025-04-24T00:00:00Z,2027-05-20T00:00:00Z
CUS-TST-000235,spencerramirez8055@hotmail.com,True,2022-11-25T00:00:00Z,2023-08-10T00:00:00Z
CUS-TST-000236,ramirezcody1412@outlook.com,True,2025-04-24T00:00:00Z,2027-05-20T00:00:00Z
CUS-TST-000237,peterjohnson8215@gmail.com,True,2024-11-29T00:00:00Z,2027-04-13T00:00:00Z
CUS-TST-000238,cheryl637303@yahoo.com,True,2023-09-02T00:00:00Z,2025-09-15T00:00:00Z
CUS-TST-000239,cooperscott3082@gmail.com,False,2024-03-30T00:00:00Z,2027-04-25T00:00:00Z
CUS-TST-000240,lindatownsend1729@yahoo.com,False,2025-01-18T00:00:00Z,2027-02-08T00:00:00Z
CUS-TST-000241,qmontgomery6122@yahoo.com,True,2025-04-08T00:00:00Z,2028-11-08T00:00:00Z
CUS-TST-000242,nicolasthompson3790@gmail.com,True,2024-01-04T00:00:00Z,2025-02-23T00:00:00Z
CUS-TST-000243,xwalters3779@hotmail.com,True,2024-02-13T00:00:00Z,2025-05-05T00:00:00Z
CUS-TST-000244,houstonheather4286@gmail.com,True,2025-12-06T00:00:00Z,2028-02-26T00:00:00Z
CUS-TST-000245,jacqueline47785@protonmail.com,False,2023-09-10T00:00:00Z,2024-06-12T00:00:00Z
CUS-TST-000246,pruitthaley9675@protonmail.com,True,2023-11-04T00:00:00Z,2025-06-15T00:00:00Z
CUS-TST-000247,pereznathan8459@protonmail.com,True,2024-12-23T00:00:00Z,2026-12-07T00:00:00Z
CUS-TST-000248,zrogers8185@gmail.com,True,2025-10-27T00:00:00Z,2029-03-24T00:00:00Z
CUS-TST-000249,larry652501@yahoo.com,True,2024-04-16T00:00:00Z,2025-06-10T00:00:00Z
CUS-TST-000250,eriklarson7157@gmail.com,True,2023-12-03T00:00:00Z,2026-08-17T00:00:00Z
CUS-TST-000251,skaiser3833@hotmail.com,True,2024-07-12T00:00:00Z,2027-06-17T00:00:00Z
CUS-TST-000252,dawn519318@outlook.com,True,2026-02-09T00:00:00Z,2028-04-27T00:00:00Z
CUS-TST-000253,chavezjustin4742@yahoo.com,True,2022-09-29T00:00:00Z,2022-09-29T00:00:00Z
CUS-TST-000254,david781571@outlook.com,True,2024-12-24T00:00:00Z,2028-03-22T00:00:00Z
CUS-TST-000255,hgonzalez4208@yahoo.com,True,2024-03-22T00:00:00Z,2024-09-05T00:00:00Z
CUS-TST-000256,johnsonmary2989@gmail.com,True,2026-02-07T00:00:00Z,2028-08-30T00:00:00Z
CUS-TST-000257,stephanie042847@yahoo.com,True,2026-04-22T00:00:00Z,2028-07-23T00:00:00Z
CUS-TST-000258,vargasandre1303@outlook.com,True,2024-04-02T00:00:00Z,2027-02-10T00:00:00Z
CUS-TST-000259,umcdonald3697@protonmail.com,True,2024-04-11T00:00:00Z,2026-09-08T00:00:00Z
CUS-TST-000260,qhansen1059@yahoo.com,True,2023-01-13T00:00:00Z,2024-12-29T00:00:00Z
CUS-TST-000261,sandrastokes7183@gmail.com,True,2024-06-02T00:00:00Z,2026-04-13T00:00:00Z
CUS-TST-000262,jessicapatterson9365@gmail.com,False,2023-05-23T00:00:00Z,2026-05-18T00:00:00Z
CUS-TST-000263,zrogers8185@gmail.com,True,2025-10-27T00:00:00Z,2029-03-24T00:00:00Z
CUS-TST-000264,fgallagher9368@yahoo.com,True,2022-09-09T00:00:00Z,2025-01-22T00:00:00Z
CUS-TST-000265,wsimmons6550@yahoo.com,True,2023-03-04T00:00:00Z,2023-09-03T00:00:00Z
CUS-TST-000266,ryan737204@outlook.com,False,2026-01-13T00:00:00Z,2027-07-08T00:00:00Z
CUS-TST-000267,rwilliams4152@yahoo.com,True,2025-02-09T00:00:00Z,2027-07-02T00:00:00Z
CUS-TST-000268,stewartbryce2806@yahoo.com,True,2022-09-26T00:00:00Z,2026-02-20T00:00:00Z
CUS-TST-000269,michellelee5603@hotmail.com,True,2024-03-20T00:00:00Z,2025-12-23T00:00:00Z
CUS-TST-000270,pricemaria4575@yahoo.com,True,2025-05-27T00:00:00Z,2027-11-21T00:00:00Z
CUS-TST-000271,mary517075@yahoo.com,True,2024-09-19T00:00:00Z,2026-04-02T00:00:00Z
CUS-TST-000272,daniellewhite9964@outlook.com,True,2025-08-08T00:00:00Z,2028-12-10T00:00:00Z
CUS-TST-000273,colesherri4491@yahoo.com,True,2023-03-24T00:00:00Z,2023-07-12T00:00:00Z
CUS-TST-000274,morgandarlene5922@hotmail.com,True,2025-09-20T00:00:00Z,2027-01-26T00:00:00Z
CUS-TST-000275,wrightshelby3711@hotmail.com,True,2024-07-12T00:00:00Z,2027-07-25T00:00:00Z
CUS-TST-000276,bakerchristine9325@yahoo.com,True,2023-06-06T00:00:00Z,2025-05-22T00:00:00Z
CUS-TST-000277,spencerramirez8055@hotmail.com,True,2022-11-25T00:00:00Z,2023-08-10T00:00:00Z
CUS-TST-000278,jamesmarshall5097@hotmail.com,True,2025-06-09T00:00:00Z,2028-01-26T00:00:00Z
CUS-TST-000279,sandrastokes7183@gmail.com,True,2024-06-02T00:00:00Z,2026-04-13T00:00:00Z
CUS-TST-000280,alvaradojohn9252@outlook.com,True,2023-05-07T00:00:00Z,2023-12-31T00:00:00Z
CUS-TST-000281,qwatkins6723@gmail.com,True,2026-03-17T00:00:00Z,2029-10-09T00:00:00Z
CUS-TST-000282,joann958646@outlook.com,True,2025-03-10T00:00:00Z,2028-10-10T00:00:00Z
CUS-TST-000283,timothydaniel3870@gmail.com,True,2023-12-04T00:00:00Z,2025-02-03T00:00:00Z
CUS-TST-000284,martinedward3515@outlook.com,True,2023-03-24T00:00:00Z,2024-01-21T00:00:00Z
CUS-TST-000285,jessicapatterson9365@gmail.com,False,2023-05-23T00:00:00Z,2026-05-18T00:00:00Z
CUS-TST-000286,george858279@protonmail.com,True,2023-09-27T00:00:00Z,2023-09-28T00:00:00Z
CUS-TST-000287,pereznathan8459@protonmail.com,True,2024-12-23T00:00:00Z,2026-12-07T00:00:00Z
CUS-TST-000288,denise527762@gmail.com,False,2025-11-12T00:00:00Z,2028-09-10T00:00:00Z
CUS-TST-000289,jonescody7097@protonmail.com,True,2023-11-02T00:00:00Z,2024-07-18T00:00:00Z
CUS-TST-000290,michellewoods8341@yahoo.com,True,2022-09-13T00:00:00Z,2025-02-27T00:00:00Z
CUS-TST-000291,alvaradojohn9252@outlook.com,True,2023-05-07T00:00:00Z,2023-12-31T00:00:00Z
CUS-TST-000292,brandon583644@gmail.com,True,2023-02-16T00:00:00Z,2025-11-11T00:00:00Z
CUS-TST-000293,catherineochoa6262@protonmail.com,True,2025-03-25T00:00:00Z,2026-12-31T00:00:00Z
CUS-TST-000294,clarkeleah691@protonmail.com,True,2023-01-27T00:00:00Z,2024-11-10T00:00:00Z
CUS-TST-000295,jonathanwebb1356@outlook.com,True,2023-11-23T00:00:00Z,2027-08-28T00:00:00Z
CUS-TST-000296,dunlapjennifer8134@hotmail.com,True,2024-11-27T00:00:00Z,2027-12-08T00:00:00Z
CUS-TST-000297,martinrachel2631@protonmail.com,True,2023-12-29T00:00:00Z,2024-04-15T00:00:00Z
CUS-TST-000298,melissa447345@outlook.com,True,2023-11-26T00:00:00Z,2026-06-02T00:00:00Z
CUS-TST-000299,barronelizabeth5580@yahoo.com,True,2025-02-07T00:00:00Z,2026-11-06T00:00:00Z
CUS-TST-000300,daniellewhite9964@outlook.com,True,2025-08-08T00:00:00Z,2028-12-10T00:00:00Z
